Title,Date,Sort,Image URL
酷達潛水中心 Kuta Dive｜墾丁恆春深潛｜第一次深潛不擔心，從教學到下水2小時內搞定！擁有自己的深潛泳池，過程安心又放心｜潛水考照,Apr 23 Tue 2024 09:35,屏 東,https://pic.pimg.tw/sai083/1712499822-2513282563-g_l.jpg
網路暢銷款防潮箱推薦｜收藏家愛用台灣製品牌,Apr 17 Wed 2024 21:16,生 活 小 物,https://pic.pimg.tw/sai083/1711545825-2477612580-g_l.jpg
四重溪溫泉公園｜屏東恆春｜墾丁親子新景點！超可愛的水豚君、株儒羊都在這，可以親自餵食好溫馨，還有占卜蛋、煮蛋池❤️ 墾丁景點、墾丁親子友善,Apr 16 Tue 2024 19:00,屏 東,https://pic.pimg.tw/sai083/1712077191-2727544465-g_l.jpg
熊轉家田咖哩｜台中霧峰餐酒館｜霧峰超讚的營業到1點的老宅酒吧，自製用心的咖哩、超有特色的義大利麵，還有超厲害的啤酒超市，外帶還7折優惠！,Apr 13 Sat 2024 20:00,台 中,https://pic.pimg.tw/sai083/1712504299-714854450-g_l.jpg
歐派系統家居｜資訊分享｜一站式的系統家具，從室內設計到系統櫃通通都有，上百種材質可挑選。,Apr 10 Wed 2024 20:00,資 訊 分 享,https://pic.pimg.tw/sai083/1711525571-2937186776-g_l.jpg
點子3C 二手3C｜資訊分享｜乾淨又明亮的二手3C店，商品品項眾多、每樣產品售出均擁有3個月保固，買起來更安心也放心！也可進行估價買賣 愛心🧡,Apr 08 Mon 2024 20:29,資 訊 分 享,https://pic.pimg.tw/sai083/1711690977-1853528798-g_l.jpg
Poled AIRLUV3 Lollipop 智能風扇涼感墊｜寶寶用品｜坐上去就再也回不去的寶寶涼墊，再也不需要擔心悶熱與濕疹了！,Apr 03 Wed 2024 19:00,生 活 小 物,https://pic.pimg.tw/sai083/1710664001-242559900-g_l.jpg
沙發先生家居｜生活資訊｜DIY組合沙發設計，根據需求選擇自己的方案，可伸縮椅背設計，整整增加30cm椅子空間，快上嘖嘖募資選購吧✨,Apr 01 Mon 2024 19:00,生 活 小 物,https://pic.pimg.tw/sai083/1710078378-2418003207-g_l.jpg
Maktar Qubii Duo備份豆腐｜生活小物｜快速備份手機的照片跟檔案，簡簡單單也可以讓你的生活更極簡，後續歸類儲存也更方,Mar 29 Fri 2024 19:00,生 活 小 物,https://pic.pimg.tw/sai083/1711424703-3406400316-g_l.jpg
擇木深耕 YKS沙發 彰化展場空間｜資訊分享｜客製化訂製沙發，擁有多款不同面料及設計，且骨架與面料皆擁有保固，不管是想要怎樣的沙發，這邊都可以諮詢得到！,Mar 27 Wed 2024 18:00,資 訊 分 享,https://pic.pimg.tw/sai083/1710667045-3756592178-g_l.jpg
